shopperEmail,shopperPass,addressId
shopper_101@x.com,abc123,136
shopper_102@x.com,abc123,137
shopper_103@x.com,abc123,138
shopper_104@x.com,abc123,139
shopper_105@x.com,abc123,140
shopper_106@x.com,abc123,141
shopper_107@x.com,abc123,142
shopper_108@x.com,abc123,143
shopper_109@x.com,abc123,144
shopper_110@x.com,abc123,145
shopper_111@x.com,abc123,146
shopper_112@x.com,abc123,147
shopper_113@x.com,abc123,148
shopper_114@x.com,abc123,149
shopper_115@x.com,abc123,150
shopper_116@x.com,abc123,151
shopper_117@x.com,abc123,152
shopper_118@x.com,abc123,153
shopper_119@x.com,abc123,154
shopper_120@x.com,abc123,155
shopper_121@x.com,abc123,156
shopper_122@x.com,abc123,157
shopper_123@x.com,abc123,158
shopper_124@x.com,abc123,159
shopper_125@x.com,abc123,160
shopper_126@x.com,abc123,161
shopper_127@x.com,abc123,162
shopper_128@x.com,abc123,163
shopper_129@x.com,abc123,164
shopper_130@x.com,abc123,165
shopper_131@x.com,abc123,166
shopper_132@x.com,abc123,167
shopper_133@x.com,abc123,168
shopper_134@x.com,abc123,169
shopper_135@x.com,abc123,170
shopper_136@x.com,abc123,171
shopper_137@x.com,abc123,172
shopper_138@x.com,abc123,173
shopper_139@x.com,abc123,174
shopper_140@x.com,abc123,175
shopper_141@x.com,abc123,176
shopper_142@x.com,abc123,177
shopper_143@x.com,abc123,178
shopper_144@x.com,abc123,179
shopper_145@x.com,abc123,180
shopper_146@x.com,abc123,181
shopper_147@x.com,abc123,182
shopper_148@x.com,abc123,183
shopper_149@x.com,abc123,184
shopper_150@x.com,abc123,185
shopper_151@x.com,abc123,186
shopper_152@x.com,abc123,187
shopper_153@x.com,abc123,188
shopper_154@x.com,abc123,189
shopper_155@x.com,abc123,190
shopper_156@x.com,abc123,191
shopper_157@x.com,abc123,192
shopper_158@x.com,abc123,193
shopper_159@x.com,abc123,194
shopper_160@x.com,abc123,195
shopper_161@x.com,abc123,196
shopper_162@x.com,abc123,197
shopper_163@x.com,abc123,198
shopper_164@x.com,abc123,199
shopper_165@x.com,abc123,200
shopper_166@x.com,abc123,201
shopper_167@x.com,abc123,202
shopper_168@x.com,abc123,203
shopper_169@x.com,abc123,204
shopper_170@x.com,abc123,205
shopper_171@x.com,abc123,206
shopper_172@x.com,abc123,207
shopper_173@x.com,abc123,208
shopper_174@x.com,abc123,209
shopper_175@x.com,abc123,210
shopper_176@x.com,abc123,211
shopper_177@x.com,abc123,212
shopper_178@x.com,abc123,213
shopper_179@x.com,abc123,214
shopper_180@x.com,abc123,215
shopper_181@x.com,abc123,216
shopper_182@x.com,abc123,217
shopper_183@x.com,abc123,218
shopper_184@x.com,abc123,219
shopper_185@x.com,abc123,220
shopper_186@x.com,abc123,221
shopper_187@x.com,abc123,222
shopper_188@x.com,abc123,223
shopper_189@x.com,abc123,224
shopper_190@x.com,abc123,225
shopper_191@x.com,abc123,226
shopper_192@x.com,abc123,227
shopper_193@x.com,abc123,228
shopper_194@x.com,abc123,229
shopper_195@x.com,abc123,230
shopper_196@x.com,abc123,231
shopper_197@x.com,abc123,232
shopper_198@x.com,abc123,233
shopper_199@x.com,abc123,234
shopper_200@x.com,abc123,235
